childhood_support,stress_level,work_pressure,emotional_attachment,mental_clarity,coping_skill,personality_type,buddhist_recommendation
4,2,2,3,4,4,Balanced Type,Analytical meditation and mindfulness practice
3,5,5,2,2,2,Stress-Prone (Dosa),Loving-kindness meditation (Metta)
2,4,3,5,3,2,Greedy Type (Raga),Meditation on impermanence
2,3,2,2,1,1,Deluded Type (Moha),Mindfulness of breathing (Anapanasati)
4,3,3,3,4,4,Balanced Type,Insight meditation and reflective awareness
3,4,4,2,2,2,Stress-Prone (Dosa),Loving-kindness meditation
2,3,3,4,3,2,Greedy Type (Raga),Reflection on attachment and impermanence
1,4,3,2,1,1,Deluded Type (Moha),Breathing meditation and grounding practices
5,2,2,3,5,5,Balanced Type,Mindfulness meditation and reflective awareness
4,2,3,3,4,4,Balanced Type,Daily mindfulness meditation
4,1,2,2,4,4,Balanced Type,Insight meditation practice
5,2,3,3,5,5,Balanced Type,Mindfulness and analytical meditation
3,2,2,3,4,4,Balanced Type,Reflective meditation practice
1,1,2,2,3,3,Balanced Type,Mindfulness meditation and reflective awareness
2,1,2,3,3,3,Balanced Type,Daily mindfulness practice
3,5,4,2,2,2,Stress-Prone (Dosa),Practice loving-kindness meditation
2,5,5,1,2,1,Stress-Prone (Dosa),Metta meditation and relaxation
3,4,5,2,2,2,Stress-Prone (Dosa),Mindfulness and emotional regulation
2,4,4,2,2,2,Stress-Prone (Dosa),Loving-kindness meditation practice
3,5,3,2,2,2,Stress-Prone (Dosa),Metta meditation daily
1,5,4,1,2,1,Stress-Prone (Dosa),Breathing and loving-kindness meditation
2,3,3,5,3,2,Greedy Type (Raga),Meditation on impermanence
2,2,3,5,3,3,Greedy Type (Raga),Reflection on attachment
1,3,2,4,2,2,Greedy Type (Raga),Practice non-attachment meditation
2,2,2,5,3,2,Greedy Type (Raga),Awareness of attachment meditation
3,3,3,5,3,2,Greedy Type (Raga),Meditation on impermanence and reflection
2,2,3,4,3,2,Greedy Type (Raga),Mindfulness of attachment
1,4,3,1,1,1,Deluded Type (Moha),Mindfulness of breathing
1,3,2,1,1,2,Deluded Type (Moha),Breathing meditation and grounding
2,2,2,2,1,1,Deluded Type (Moha),Focus meditation for clarity
1,3,3,1,1,1,Deluded Type (Moha),Anapanasati breathing meditation
1,2,2,1,1,1,Deluded Type (Moha),Mindfulness breathing practice
2,3,2,1,1,1,Deluded Type (Moha),Grounding meditation practice
